{"licenses":["id","timestamp","data","returnCode"],"tadmin2facodes":["kAdminlogin","cEmergencyCode"],"tadminfavs":["kAdminfav","kAdminlogin","cTitel","cUrl","nSort"],"tadminlogin":["kAdminlogin","cLogin","cPass","cName","cMail","kAdminlogingruppe","nLoginVersuch","dLetzterLogin","dGueltigBis","bAktiv","cResetPasswordHash","b2FAauth","c2FAauthSecret","locked_at","language"],"tadminloginattribut":["kAttribut","kAdminlogin","cName","cAttribValue","cAttribText"],"tadminlogingruppe":["kAdminlogingruppe","cGruppe","cBeschreibung"],"tadminrecht":["cRecht","cBeschreibung"],"tadminrechtegruppe":["cRecht","kAdminlogingruppe"],"tadminsession":["cSessionId","nSessionExpires","cSessionData"],"tadminwidgets":["kWidget","kPlugin","cTitle","cClass","eContainer","cDescription","nPos","bExpanded","bActive"],"tanondatajournal":["kAnondatajournal","cIssuer","iIssuerId","cAction","cDetail","cMessage","dEventTime"],"tartikel":["kArtikel","kHersteller","kLieferstatus","kSteuerklasse","kEinheit","kVersandklasse","kEigenschaftKombi","kVaterArtikel","kStueckliste","kWarengruppe","kVPEEinheit","kMassEinheit","kGrundPreisEinheit","cSeo","cArtNr","cName","cBeschreibung","cAnmerkung","fLagerbestand","fStandardpreisNetto","fMwSt","fMindestbestellmenge","fLieferantenlagerbestand","fLieferzeit","cBarcode","cTopArtikel","fGewicht","fArtikelgewicht","fMassMenge","fGrundpreisMenge","fBreite","fHoehe","fLaenge","cNeu","cKurzBeschreibung","fUVP","cLagerBeachten","cLagerKleinerNull","cLagerVariation","cTeilbar","fPackeinheit","fAbnahmeintervall","fZulauf","cVPE","fVPEWert","cVPEEinheit","cSuchbegriffe","nSort","dErscheinungsdatum","dErstellt","dLetzteAktualisierung","dZulaufDatum","dMHD","cSerie","cISBN","cASIN","cHAN","cUNNummer","cGefahrnr","cTaric","cUPC","cHerkunftsland","cEPID","nIstVater","nLiefertageWennAusverkauft","nAutomatischeLiefertageberechnung","nBearbeitungszeit"],"tartikelabnahme":["kArtikel","kKundengruppe","fMindestabnahme","fIntervall"],"tartikelattribut":["kArtikelAttribut","kArtikel","cName","cWert"],"tartikeldownload":["kArtikel","kDownload"],"tartikelext":["kArtikel","fDurchschnittsBewertung"],"tartikelkategorierabatt":["kArtikel","kKundengruppe","kKategorie","fRabatt"],"tartikelkonfiggruppe":["kArtikel","kKonfiggruppe","nSort"],"tartikelmerkmal":["kMerkmal","kMerkmalWert","kArtikel"],"tartikelpict":["kArtikelPict","kMainArtikelBild","kArtikel","kBild","cPfad","nNr"],"tartikelpicthistory":["kArtikel","cPfad","nNr"],"tartikelsichtbarkeit":["kArtikel","kKundengruppe"],"tartikelsonderpreis":["kArtikelSonderpreis","kArtikel","cAktiv","dStart","nAnzahl","nIstAnzahl","nIstDatum","dEnde"],"tartikelsprache":["kArtikel","kSprache","cSeo","cName","cBeschreibung","cKurzBeschreibung"],"tartikelwarenlager":["kArtikel","kWarenlager","fBestand","fZulauf","dZulaufDatum"],"tattribut":["kAttribut","kArtikel","nSort","cName","cStringWert","cTextWert"],"tattributsprache":["kAttribut","kSprache","cName","cStringWert","cTextWert"],"tauswahlassistentfrage":["kAuswahlAssistentFrage","kAuswahlAssistentGruppe","kMerkmal","cFrage","nSort","nAktiv"],"tauswahlassistentgruppe":["kAuswahlAssistentGruppe","kSprache","cName","cBeschreibung","nAktiv"],"tauswahlassistentort":["kAuswahlAssistentOrt","kAuswahlAssistentGruppe","cKey","kKey"],"tbestellattribut":["kBestellattribut","kBestellung","cName","cValue"],"tbestellid":["cId","kBestellung","dDatum"],"tbestellstatus":["kBestellung","cUID","dDatum","failedAttempts"],"tbestellung":["kBestellung","kWarenkorb","kKunde","kLieferadresse","kRechnungsadresse","kZahlungsart","kVersandart","kSprache","kWaehrung","fGuthaben","fGesamtsumme","cSession","cVersandartName","cZahlungsartName","cBestellNr","cVersandInfo","nLongestMinDelivery","nLongestMaxDelivery","dVersandDatum","dBezahltDatum","dBewertungErinnerung","cTracking","cKommentar","cLogistiker","cTrackingURL","cIP","cAbgeholt","cStatus","dErstellt","fWaehrungsFaktor","cPUIZahlungsdaten"],"tbestseller":["kArtikel","fAnzahl"],"tbesucher":["kBesucher","cIP","cSessID","cID","kKunde","kBestellung","cReferer","cUserAgent","cEinstiegsseite","cBrowser","cAusstiegsseite","kBesucherBot","dLetzteAktivitaet","dZeit"],"tbesucherarchiv":["kBesucher","cIP","kKunde","kBestellung","cReferer","cEinstiegsseite","cBrowser","cAusstiegsseite","nBesuchsdauer","kBesucherBot","dZeit"],"tbesucherbot":["kBesucherBot","cName","cUserAgent","cBeschreibung","cLink","dZeit"],"tbesuchersuchausdruecke":["kBesucher","cSuchanfrage","cRohdaten"],"tbesucherzaehler":["nZaehler"],"tbesuchteseiten":["kArtikel","kKategorie","kLink","kTag","kSuchanfrage","kHersteller","kNews","kNewsMonatsUebersicht","kNewsKategorie","nBesuche"],"tbewertung":["kBewertung","kArtikel","kKunde","kSprache","cName","cTitel","cText","nHilfreich","nNichtHilfreich","nSterne","nAktiv","dDatum","cAntwort","dAntwortDatum"],"tbewertungguthabenbonus":["kBewertungGuthabenBonus","kBewertung","kKunde","fGuthabenBonus","dDatum"],"tbewertunghilfreich":["kBewertungHilfreich","kBewertung","kKunde","nBewertung"],"tbild":["kBild","cPfad"],"tboxen":["kBox","kBoxvorlage","kCustomID","kContainer","cTitel","ePosition"],"tboxenanzeige":["nSeite","ePosition","bAnzeigen"],"tboxensichtbar":["kBox","kSeite","nSort","bAktiv","cFilter"],"tboxsprache":["kBoxSprache","kBox","cISO","cTitel","cInhalt"],"tboxvorlage":["kBoxvorlage","kCustomID","eTyp","cName","cVerfuegbar","cTemplate"],"tbranding":["kBranding","cBildKategorie"],"tbrandingeinstellung":["kBrandingEinstellung","kBranding","cPosition","cBrandingBild","nAktiv","dTransparenz","dGroesse","dRandabstand"],"tbrocken":["kBrocken","cBrocken","dErstellt"],"tcheckbox":["kCheckBox","kLink","kCheckBoxFunktion","cName","cKundengruppe","cAnzeigeOrt","nAktiv","nPflicht","nLogging","nSort","dErstellt"],"tcheckboxfunktion":["kCheckBoxFunktion","kPlugin","cName","cID"],"tcheckboxlogging":["kCheckBoxLogging","kCheckBox","kBesucher","kBestellung","bChecked","dErstellt"],"tcheckboxsprache":["kCheckBoxSprache","kCheckBox","kSprache","cText","cBeschreibung"],"tconsent":["id","itemID","company","pluginID","active"],"tconsentlocalization":["id","consentID","languageID","privacyPolicy","description","purpose","name"],"tcontentauthor":["kContentAuthor","cRealm","kAdminlogin","kContentId"],"tcron":["cronID","foreignKeyID","foreignKey","tableName","name","jobType","frequency","startDate","startTime","lastStart","lastFinish"],"tdownload":["kDownload","cID","cPfad","cPfadVorschau","nAnzahl","nTage","nSort","dErstellt"],"tdownloadhistory":["kDownloadHistory","kDownload","kKunde","kBestellung","dErstellt"],"tdownloadsprache":["kDownload","kSprache","cName","cBeschreibung"],"teigenschaft":["kEigenschaft","kArtikel","cName","cWaehlbar","cTyp","nSort"],"teigenschaftkombiwert":["kEigenschaftKombi","kEigenschaft","kEigenschaftWert"],"teigenschaftsichtbarkeit":["kEigenschaft","kKundengruppe"],"teigenschaftsprache":["kEigenschaft","kSprache","cName"],"teigenschaftwert":["kEigenschaftWert","kEigenschaft","cName","fAufpreisNetto","fGewichtDiff","cArtNr","nSort","fLagerbestand","fPackeinheit"],"teigenschaftwertabhaengigkeit":["kEigenschaftWert","kEigenschaftWertZiel"],"teigenschaftwertaufpreis":["kEigenschaftWert","kKundengruppe","fAufpreisNetto"],"teigenschaftwertpict":["kEigenschaftWertPict","kEigenschaftWert","cPfad","cType"],"teigenschaftwertsichtbarkeit":["kEigenschaftWert","kKundengruppe"],"teigenschaftwertsprache":["kEigenschaftWert","kSprache","cName"],"teinheit":["kEinheit","kSprache","cName"],"teinstellungen":["kEinstellungenSektion","cName","cWert","cModulId"],"teinstellungenconf":["kEinstellungenConf","kEinstellungenSektion","cName","cBeschreibung","cWertName","cInputTyp","cModulId","nSort","nStandardAnzeigen","nModul","cConf"],"teinstellungenconfwerte":["kEinstellungenConf","cName","cWert","nSort"],"teinstellungensektion":["kEinstellungenSektion","cName","kAdminmenueGruppe","nSort","cRecht"],"temailblacklist":["cEmail"],"temailblacklistblock":["cEmail","dLetzterBlock","id"],"temailhistory":["kEmailhistory","kEmailvorlage","cSubject","cFromName","cFromEmail","cToName","cToEmail","dSent"],"temailvorlage":["kEmailvorlage","cName","cBeschreibung","cMailTyp","cModulId","cDateiname","cAktiv","nAKZ","nAGB","nWRB","nFehlerhaft","nWRBForm","nDSE","kPlugin"],"temailvorlage2platzhalter":["kEmailvorlage","kEmailvorlagePlatzhalter"],"temailvorlageeinstellungen":["kEmailvorlage","cKey","cValue"],"temailvorlageplatzhalter":["kEmailvorlagePlatzhalter","cName","cSmartyObjekt","cBeschreibung"],"temailvorlageplatzhaltervariable":["kEmailvorlagePlatzhaltervariable","cName","cWert"],"temailvorlagesprache":["kEmailvorlage","kSprache","cBetreff","cContentHtml","cContentText","cPDFS","cPDFNames"],"temailvorlagespracheoriginal":["kEmailvorlage","kSprache","cBetreff","cContentHtml","cContentText","cPDFS","cPDFNames"],"texportformat":["kExportformat","kKundengruppe","kSprache","kWaehrung","kKampagne","kPlugin","cName","cDateiname","cKopfzeile","cContent","cFusszeile","cKodierung","nSpecial","nVarKombiOption","nSplitgroesse","dZuletztErstellt","nUseCache","nFehlerhaft"],"texportformateinstellungen":["kExportformat","cName","cWert"],"texportformatqueuebearbeitet":["kJobQueue","kExportformat","nLimitN","nLimitM","nInArbeit","dStartZeit","dZuletztGelaufen"],"texportqueue":["kExportqueue","kExportformat","nLimit_n","nLimit_m","nLastArticleID","dErstellt","dZuBearbeiten"],"textensionpoint":["kExtensionPoint","kSprache","kKundengruppe","nSeite","cKey","cValue","cClass","kInitial"],"tfirma":["cName","cUnternehmer","cStrasse","cHausnummer","cPLZ","cOrt","cLand","cTel","cFax","cEMail","cWWW","cKontoinhaber","cBLZ","cKontoNr","cBank","cUSTID","cSteuerNr","cIBAN","cBIC"],"tfloodprotect":["kFloodProtect","cIP","cTyp","dErstellt"],"tfsession":["cIP","cAgent","kWaehrung","nUserSortierung","nUserArtikelzahl","dErstellt"],"tglobalemetaangaben":["kGlobaleMetaAngaben","kEinstellungenSektion","kSprache","cName","cWertName"],"tglobals":["dLetzteAenderung"],"tgratisgeschenk":["kGratisGeschenk","kArtikel","kWarenkorb","nAnzahl"],"tgutschein":["kGutschein","kKunde","fWert","cGrund"],"thersteller":["kHersteller","cName","cSeo","cHomepage","nSortNr","cBildpfad"],"therstellersprache":["kHersteller","kSprache","cMetaTitle","cMetaKeywords","cMetaDescription","cBeschreibung"],"timagemap":["kImageMap","kKampagne","cTitel","cBildPfad","vDatum","bDatum"],"timagemaparea":["kImageMapArea","kImageMap","kArtikel","cTitel","cUrl","cBeschreibung","cCoords","cStyle"],"tjobqueue":["jobQueueID","cronID","foreignKeyID","jobType","tableName","foreignKey","tasksExecuted","taskLimit","lastProductID","isRunning","startTime","lastStart","lastFinish"],"tjtllog":["kLog","nLevel","cLog","cKey","kKey","dErstellt"],"tkampagne":["kKampagne","cName","cParameter","cWert","nDynamisch","nAktiv","dErstellt"],"tkampagnedef":["kKampagneDef","cName","cKey"],"tkampagnevorgang":["kKampagneVorgang","kKampagne","kKampagneDef","kKey","fWert","cParamWert","cCustomData","dErstellt"],"tkategorie":["kKategorie","cSeo","cName","cBeschreibung","kOberKategorie","nSort","dLetzteAktualisierung","lft","rght","nLevel"],"tkategorieartikel":["kKategorieArtikel","kArtikel","kKategorie"],"tkategorieattribut":["kKategorieAttribut","kKategorie","cName","cWert","nSort","bIstFunktionsAttribut"],"tkategorieattributsprache":["kAttribut","kSprache","cName","cWert"],"tkategoriekundengruppe":["kKundengruppe","kKategorie","fRabatt"],"tkategoriemapping":["kKategorie","cName"],"tkategoriepict":["kKategoriePict","kKategorie","cPfad","cType"],"tkategoriesichtbarkeit":["kKategorie","kKundengruppe"],"tkategoriesprache":["kKategorie","kSprache","cSeo","cName","cBeschreibung","cMetaDescription","cMetaKeywords","cTitleTag"],"tkonfiggruppe":["kKonfiggruppe","cBildPfad","nMin","nMax","nTyp","cKommentar"],"tkonfiggruppesprache":["kKonfiggruppe","kSprache","cName","cBeschreibung"],"tkonfigitem":["kKonfigitem","kKonfiggruppe","kArtikel","nPosTyp","bSelektiert","bEmpfohlen","bName","bPreis","bRabatt","bZuschlag","bIgnoreMultiplier","fMin","fMax","fInitial","nSort"],"tkonfigitempreis":["kKonfigitem","kKundengruppe","kSteuerklasse","fPreis","nTyp"],"tkonfigitemsprache":["kKonfigitem","kSprache","cName","cBeschreibung"],"tkontaktbetreff":["kKontaktBetreff","cName","cKundengruppen","cMail","nSort"],"tkontaktbetreffsprache":["kKontaktBetreff","cISOSprache","cName"],"tkontakthistory":["kKontaktHistory","kKontaktBetreff","kSprache","cAnrede","cVorname","cNachname","cFirma","cTel","cMobil","cFax","cMail","cNachricht","cIP","dErstellt"],"tkunde":["kKunde","kKundengruppe","kSprache","cKundenNr","cPasswort","cAnrede","cTitel","cVorname","cNachname","cFirma","cZusatz","cStrasse","cHausnummer","cAdressZusatz","cPLZ","cOrt","cBundesland","cLand","cTel","cMobil","cFax","cMail","cUSTID","cWWW","cSperre","fGuthaben","cNewsletter","dGeburtstag","fRabatt","cHerkunft","dErstellt","dVeraendert","cAktiv","cAbgeholt","nRegistriert","nLoginversuche"],"tkundenattribut":["kKundenAttribut","kKunde","kKundenfeld","cName","cWert"],"tkundendatenhistory":["kKundendatenHistory","kKunde","cJsonAlt","cJsonNeu","cQuelle","dErstellt"],"tkundenfeld":["kKundenfeld","kSprache","cName","cWawi","cTyp","nSort","nPflicht","nEditierbar"],"tkundenfeldwert":["kKundenfeldWert","kKundenfeld","cWert","nSort"],"tkundengruppe":["kKundengruppe","cName","fRabatt","cStandard","cShopLogin","nNettoPreise"],"tkundengruppenattribut":["kKundengruppenAttribut","kKundengruppe","cName","cWert"],"tkundengruppensprache":["kKundengruppe","kSprache","cName"],"tkundenherkunft":["kKundenherkunft","nSort","cHerkunft"],"tkundenkontodaten":["kKundenKontodaten","kKunde","cBLZ","nKonto","cInhaber","cBankName","cIBAN","cBIC"],"tkupon":["kKupon","kKundengruppe","kSteuerklasse","cName","fWert","cWertTyp","dGueltigAb","dGueltigBis","fMindestbestellwert","cCode","nVerwendungen","nVerwendungenBisher","nVerwendungenProKunde","cArtikel","cHersteller","cKategorien","cKunden","cKuponTyp","cLieferlaender","cZusatzgebuehren","cAktiv","dErstellt","nGanzenWKRabattieren"],"tkuponbestellung":["kKupon","kBestellung","kKunde","cBestellNr","fGesamtsummeBrutto","fKuponwertBrutto","cKuponTyp","dErstellt"],"tkuponflag":["kKuponFlag","cEmailHash","cKuponTyp","dErstellt"],"tkuponkunde":["kKuponKunde","kKupon","cMail","nVerwendungen","dErstellt"],"tkuponsprache":["kKupon","cISOSprache","cName"],"tland":["cISO","cDeutsch","cEnglisch","nEU","cKontinent"],"tlastjob":["kJob","cType","nJob","cJobName","dErstellt","nCounter","nFinished"],"tlieferadresse":["kLieferadresse","kKunde","cAnrede","cVorname","cNachname","cTitel","cFirma","cZusatz","cStrasse","cHausnummer","cAdressZusatz","cPLZ","cOrt","cBundesland","cLand","cTel","cMobil","cFax","cMail"],"tlieferschein":["kLieferschein","kInetBestellung","cLieferscheinNr","cHinweis","nFulfillment","nStatus","dErstellt","bEmailVerschickt"],"tlieferscheinpos":["kLieferscheinPos","kLieferschein","kBestellPos","kWarenlager","fAnzahl"],"tlieferscheinposinfo":["kLieferscheinPosInfo","kLieferscheinPos","cSeriennummer","cChargeNr","dMHD"],"tlieferstatus":["kLieferstatus","kSprache","cName"],"tlink":["kLink","kVaterLink","kPlugin","cName","nLinkart","cNoFollow","cKundengruppen","cSichtbarNachLogin","cDruckButton","nSort","bSSL","bIsFluid","cIdentifier","bIsActive","reference"],"tlinkgroupassociations":["id","linkID","linkGroupID"],"tlinkgruppe":["kLinkgruppe","cName","cTemplatename"],"tlinkgruppesprache":["kLinkgruppe","cISOSprache","cName"],"tlinksprache":["kLink","cSeo","cISOSprache","cName","cTitle","cContent","cMetaTitle","cMetaKeywords","cMetaDescription"],"tmasseinheit":["kMassEinheit","cCode"],"tmasseinheitsprache":["kMassEinheitSprache","kMassEinheit","kSprache","cName"],"tmediendatei":["kMedienDatei","kArtikel","cPfad","cURL","cKategorie","cTyp","nSort"],"tmediendateiattribut":["kMedienDateiAttribut","kMedienDatei","kSprache","cName","cWert"],"tmediendateisprache":["kMedienDatei","kSprache","cName","cBeschreibung"],"tmerkmal":["kMerkmal","nSort","cName","cBildpfad","cTyp","nMehrfachauswahl"],"tmerkmalsprache":["kMerkmal","kSprache","cName"],"tmerkmalwert":["kMerkmalWert","kMerkmal","nSort","cBildpfad"],"tmerkmalwertbild":["kMerkmalWert","cBildpfad"],"tmerkmalwertsprache":["kMerkmalWert","kSprache","cWert","cSeo","cMetaTitle","cMetaKeywords","cMetaDescription","cBeschreibung"],"tmigration":["kMigration","nVersion","dExecuted"],"tmigrationlog":["kMigrationlog","kMigration","cDir","cState","cLog","dCreated"],"tmodul":["cModulId","cName","cAutor","cTyp","cURL","cDokumentationURL","dErstellt"],"tnews":["kNews","cKundengruppe","nAktiv","dErstellt","dGueltigVon","cPreviewImage"],"tnewskategorie":["kNewsKategorie","kParent","nSort","nAktiv","dLetzteAktualisierung","cPreviewImage","lft","rght","lvl"],"tnewskategorienews":["kNewsKategorieNews","kNews","kNewsKategorie"],"tnewskategoriesprache":["id","kNewsKategorie","languageID","languageCode","name","description","metaTitle","metaDescription"],"tnewskommentar":["kNewsKommentar","kNews","kKunde","nAktiv","cName","cEmail","cKommentar","parentCommentID","isAdmin","dErstellt"],"tnewsletter":["kNewsletter","kSprache","kKampagne","cName","cBetreff","cArt","cArtikel","cHersteller","cKategorie","cKundengruppe","cInhaltHTML","cInhaltText","dStartZeit","dLastSendings"],"tnewsletterempfaenger":["kNewsletterEmpfaenger","kSprache","kKunde","nAktiv","cAnrede","cVorname","cNachname","cEmail","cOptCode","cLoeschCode","dEingetragen","dLetzterNewsletter"],"tnewsletterempfaengerblacklist":["cMail","dErstellt"],"tnewsletterempfaengerhistory":["kNewsletterEmpfaengerHistory","kSprache","kKunde","cAnrede","cVorname","cNachname","cEmail","cOptCode","cLoeschCode","cAktion","cEmailBodyHtml","cRegIp","cOptIp","dAusgetragen","dEingetragen","dOptCode"],"tnewsletterhistory":["kNewsletterHistory","nAnzahl","kSprache","cBetreff","cHTMLStatic","cKundengruppe","cKundengruppeKey","dStart"],"tnewslettertrack":["kNewsletterTrack","kKampagne","kNewsletter","kNewsletterEmpfaenger","dErstellt"],"tnewslettervorlage":["kNewsletterVorlage","kNewslettervorlageStd","kSprache","kKampagne","cName","cBetreff","cArt","cArtikel","cHersteller","cKategorie","cKundengruppe","cInhaltHTML","cInhaltText","dStartZeit"],"tnewslettervorlagestd":["kNewslettervorlageStd","kSprache","cName","cBild","cInhaltHTML","cInhaltText"],"tnewslettervorlagestdvar":["kNewslettervorlageStdVar","kNewslettervorlageStd","cName","cTyp"],"tnewslettervorlagestdvarinhalt":["kNewslettervorlageStdVarInhalt","kNewslettervorlageStdVar","kNewslettervorlage","cInhalt","cLinkURL","cAltTag"],"tnewsmonatspraefix":["kSprache","cPraefix"],"tnewsmonatsuebersicht":["kNewsMonatsUebersicht","kSprache","cName","nMonat","nJahr"],"tnewssprache":["id","kNews","languageID","languageCode","title","content","preview","metaTitle","metaKeywords","metaDescription"],"tnotificationsignore":["id","user_id","notification_hash","created"],"tnummern":["nNummer","nArt","dAktualisiert"],"topcblueprint":["kBlueprint","kPlugin","cName","cJson","bActive"],"topcpage":["kPage","cPageId","dPublishFrom","dPublishTo","cName","cPageUrl","cAreasJson","dLastModified","cLockedBy","dLockedAt"],"topcportlet":["kPortlet","kPlugin","cTitle","cClass","cGroup","bActive"],"toptin":["kOptin","kOptinCode","kOptinClass","cMail","cRefData","dCreated","dActivated"],"toptinhistory":["kOptinHistory","kOptinCode","kOptinClass","cMail","cRefData","dCreated","dActivated","dDeActivated"],"tpasswordreset":["kKunde","cKey","dExpires"],"tplugin":["kPlugin","cName","cBeschreibung","cAutor","cURL","cVerzeichnis","cPluginID","cStoreID","cFehler","cLizenz","cLizenzKlasse","cLizenzKlasseName","nStatus","nVersion","nXMLVersion","nPrio","dZuletztAktualisiert","dInstalliert","dErstellt","cIcon","bBootstrap","bExtension","exsID"],"tplugin_resources":["id","path","priority","position","kPlugin","type","conditional"],"tpluginadminmenu":["kPluginAdminMenu","kPlugin","cName","cDateiname","nSort","nConf"],"tplugincustomtabelle":["kPluginCustomTabelle","kPlugin","cTabelle"],"tplugineinstellungen":["kPlugin","cName","cWert"],"tplugineinstellungenconf":["kPluginEinstellungenConf","kPlugin","kPluginAdminMenu","cName","cBeschreibung","cWertName","cInputTyp","nSort","cConf","cSourceFile"],"tplugineinstellungenconfwerte":["kPluginEinstellungenConf","cName","cWert","nSort"],"tpluginemailvorlageeinstellungen":["kEmailvorlage","cKey","cValue"],"tpluginhook":["kPluginHook","kPlugin","nHook","cDateiname","nPriority"],"tpluginlinkdatei":["kLink","kPlugin","cDatei","cTemplate","cFullscreenTemplate"],"tpluginmigration":["kMigration","nVersion","pluginID","dExecuted","id"],"tpluginsprachvariable":["kPluginSprachvariable","kPlugin","cName","cBeschreibung","type"],"tpluginsprachvariablecustomsprache":["kPlugin","cSprachvariable","cISO","cName","kPluginSprachvariable"],"tpluginsprachvariablesprache":["kPluginSprachvariable","cISO","cName"],"tpluginsqlfehler":["kPluginSQLFehler","kPluginHook","cSQLFehler","dErstellt"],"tplugintemplate":["kPluginTemplate","kPlugin","cTemplate"],"tpluginuninstall":["kPluginUninstall","kPlugin","cDateiname"],"tpluginzahlungsartklasse":["cModulId","kPlugin","cClassPfad","cClassName","cTemplatePfad","cZusatzschrittTemplate"],"tplz":["kPLZ","cPLZ","cOrt","cLandISO"],"tplz_backup":["kPLZ","cPLZ","cOrt","cLandISO"],"tpreis":["kPreis","kArtikel","kKundengruppe","kKunde"],"tpreisdetail":["kPreisDetail","kPreis","nAnzahlAb","fVKNetto"],"tpreisspannenfilter":["kPreisspannenfilter","nVon","nBis"],"tpreisverlauf":["kPreisverlauf","kArtikel","kKundengruppe","fVKNetto","dDate"],"tproduktanfragehistory":["kProduktanfrageHistory","kArtikel","kSprache","cAnrede","cVorname","cNachname","cFirma","cTel","cMobil","cFax","cMail","cNachricht","cIP","dErstellt"],"tprofiler":["runID","url","timestamp","ptype","total_count","total_time"],"tprofiler_runs":["execID","runID","filename","runtime","hookID","runcount","data","statement","tablename"],"trechnungsadresse":["kRechnungsadresse","kKunde","cAnrede","cTitel","cVorname","cNachname","cFirma","cZusatz","cStrasse","cHausnummer","cAdressZusatz","cPLZ","cOrt","cBundesland","cLand","cTel","cMobil","cFax","cUSTID","cWWW","cMail"],"tredirect":["kRedirect","cFromUrl","cToUrl","nCount","cAvailable"],"tredirectreferer":["kRedirectReferer","kRedirect","kBesucherBot","cRefererUrl","cIP","dDate"],"trevisions":["id","type","reference_primary","reference_secondary","content","author","custom_table","custom_primary_key","timestamp"],"trma":["kRMA","kKunde","kRMAStatus","cRMANumber","dErstellt"],"trmaartikel":["kRMA","kBestellung","kArtikel","fAnzahl","cGrund","cKommentar"],"trmagrund":["kRMAGrund","kSprache","nSort","cGrund","cKommentar","nAktiv"],"trmastatus":["kRMAStatus","kSprache","cStatus","eFunktion","nAktiv"],"tseo":["cSeo","cKey","kKey","kSprache"],"tsession":["cSessionId","nSessionExpires","cSessionData"],"tsitemapreport":["kSitemapReport","nTotalURL","fVerarbeitungszeit","dErstellt"],"tsitemapreportfile":["kSitemapReportFile","kSitemapReport","cDatei","nAnzahlURL","fGroesse"],"tsitemaptracker":["kSitemapTracker","cSitemap","kBesucherBot","cIP","cUserAgent","dErstellt"],"tslide":["kSlide","kSlider","cTitel","cBild","cText","nSort","cThumbnail","cLink"],"tslider":["kSlider","cName","kSprache","kKundengruppe","nSeitenTyp","cTheme","bAktiv","nPauseTime","nAnimationSpeed","bPauseOnHover","bThumbnail","cEffects","bControlNav","bDirectionNav","bRandomStart","bUseKB"],"tsonderpreise":["kArtikelSonderpreis","kKundengruppe","fNettoPreis"],"tspezialcontentsprache":["nSpezialContent","cISOSprache","cTyp","cContent"],"tspezialseite":["kSpezialseite","kPlugin","cName","cDateiname","nLinkart","nSort"],"tsprache":["kSprache","cNameEnglisch","cNameDeutsch","cStandard","cISO","cShopStandard"],"tsprachiso":["kSprachISO","cISO"],"tsprachlog":["kSprachISO","cSektion","cName"],"tsprachsektion":["kSprachsektion","cName"],"tsprachwerte":["kSprachISO","kSprachsektion","cName","cWert","cStandard","bSystem"],"tstaat":["kStaat","cLandIso","cName","cCode"],"tstatusemail":["cEmail","cInhalt","nAktiv","nInterval","dLastSent","id"],"tsteuerklasse":["kSteuerklasse","cName","cStandard"],"tsteuersatz":["kSteuersatz","kSteuerzone","kSteuerklasse","fSteuersatz","nPrio"],"tsteuerzone":["kSteuerzone","cName"],"tsteuerzoneland":["kSteuerzone","cISO"],"tstoreauth":["owner","auth_code","access_token","created_at","verified"],"tstueckliste":["kStueckliste","kArtikel","fAnzahl"],"tsuchanfrage":["kSuchanfrage","kSprache","cSuche","cSeo","nAktiv","nAnzahlTreffer","nAnzahlGesuche","dZuletztGesucht"],"tsuchanfrageblacklist":["kSuchanfrageBlacklist","kSprache","cSuche"],"tsuchanfrageerfolglos":["kSuchanfrageErfolglos","kSprache","cSuche","nAnzahlGesuche","dZuletztGesucht"],"tsuchanfragemapping":["kSuchanfrageMapping","kSprache","cSuche","cSucheNeu","nAnzahlGesuche"],"tsuchanfragencache":["kSuchanfrageCache","kSprache","cIP","cSuche","dZeit"],"tsuchcache":["kSuchCache","kSprache","cSuche","dErstellt","dGueltigBis"],"tsuchcachetreffer":["kSuchCache","kArtikel","nSort"],"tsuchspecialoverlay":["kSuchspecialOverlay","cSuchspecial"],"tsuchspecialoverlaysprache":["kSuchspecialOverlay","kSprache","cTemplate","cBildPfad","nAktiv","nPrio","nMargin","nTransparenz","nGroesse","nPosition"],"tsynclogin":["kSynclogin","cMail","cName","cPass"],"ttemplate":["cTemplate","eTyp","parent","name","author","url","version","preview","exsID","bootstrap","framework"],"ttemplateeinstellungen":["cTemplate","cSektion","cName","cWert"],"ttext":["kText","kSprache","kKundengruppe","cAGBContentText","cAGBContentHtml","cWRBContentText","cWRBContentHtml","nStandard","cWRBFormContentHtml","cWRBFormContentText","cDSEContentText","cDSEContentHtml"],"ttrennzeichen":["kTrennzeichen","kSprache","nEinheit","nDezimalstellen","cDezimalZeichen","cTausenderZeichen"],"ttrustedeshopsprodukt":["kTrustedShopsProdukt","kSprache","kTrustedShopsZertifikat","nID","nWert","cWaehrung","cProduktID","fNetto","fBrutto","dDatum"],"ttrustedshopskundenbewertung":["kTrustedshopsKundenbewertung","nStatus","cTSID","cISOSprache","dAktualisiert"],"ttrustedshopsstatistik":["kStatistik","cTSID","nAnzahl","dMaximum","dDurchschnitt","dUpdated"],"ttrustedshopszertifikat":["kTrustedShopsZertifikat","cTSID","cWSUser","cWSPasswort","cISOSprache","nAktiv","eType","dErstellt","dChecked"],"tuploaddatei":["kUpload","kCustomID","nTyp","cName","cPfad","nBytes","dErstellt"],"tuploadqueue":["kUploadqueue","kBestellung","kArtikel"],"tuploadschema":["kUploadSchema","kCustomID","nTyp","cName","cBeschreibung","cDateiTyp","nPflicht"],"tuploadschemasprache":["kArtikelUpload","kSprache","cName","cBeschreibung"],"tverfuegbarkeitsbenachrichtigung":["kVerfuegbarkeitsbenachrichtigung","kArtikel","kSprache","cVorname","cNachname","cMail","cIP","cAbgeholt","nStatus","dErstellt","dBenachrichtigtAm"],"tvergleichsliste":["kVergleichsliste","cIP","dDate"],"tvergleichslistepos":["kVergleichslistePos","kVergleichsliste","kArtikel","cArtikelName"],"tverpackung":["kVerpackung","kSteuerklasse","cName","cKundengruppe","fBrutto","fMindestbestellwert","fKostenfrei","nAktiv"],"tverpackungsprache":["kVerpackungSprache","kVerpackung","cISOSprache","cName","cBeschreibung"],"tversand":["kVersand","kLieferschein","cLogistik","cLogistikURL","cIdentCode","cHinweis","dErstellt"],"tversandart":["kVersandart","kVersandberechnung","cVersandklassen","cName","cLaender","cAnzeigen","cKundengruppen","cBild","eSteuer","nSort","nMinLiefertage","nMaxLiefertage","fPreis","fVersandkostenfreiAbX","fDeckelung","cNurAbhaengigeVersandart","cSendConfirmationMail","cIgnoreShippingProposal"],"tversandartsprache":["kVersandart","cISOSprache","cName","cLieferdauer","cHinweistext","cHinweistextShop"],"tversandartstaffel":["kVersandartStaffel","kVersandart","fBis","fPreis"],"tversandartzahlungsart":["kVersandartZahlungsart","kVersandart","kZahlungsart","fAufpreis","cAufpreisTyp"],"tversandberechnung":["kVersandberechnung","cName","cModulId"],"tversandklasse":["kVersandklasse","cName"],"tversandzuschlag":["kVersandzuschlag","kVersandart","cISO","cName","fZuschlag"],"tversandzuschlagplz":["kVersandzuschlagPlz","kVersandzuschlag","cPLZ","cPLZAb","cPLZBis"],"tversandzuschlagsprache":["kVersandzuschlag","cISOSprache","cName"],"tversion":["nVersion","nZeileVon","nZeileBis","nInArbeit","nFehler","nTyp","cFehlerSQL","dAktualisiert"],"twaehrung":["kWaehrung","cISO","cName","cNameHTML","fFaktor","cStandard","cVorBetrag","cTrennzeichenCent","cTrennzeichenTausend"],"twarengruppe":["kWarengruppe","cName"],"twarenkorb":["kWarenkorb","kKunde","kLieferadresse","kZahlungsInfo"],"twarenkorbpers":["kWarenkorbPers","kKunde","dErstellt"],"twarenkorbperspos":["kWarenkorbPersPos","kWarenkorbPers","kArtikel","cArtikelName","fAnzahl","dHinzugefuegt","cUnique","cResponsibility","kKonfigitem","nPosTyp"],"twarenkorbpersposeigenschaft":["kWarenkorbPersPosEigenschaft","kWarenkorbPersPos","kEigenschaft","kEigenschaftWert","cFreifeldWert","cEigenschaftName","cEigenschaftWertName"],"twarenkorbpos":["kWarenkorbPos","kWarenkorb","kArtikel","kVersandklasse","cName","cLieferstatus","cArtNr","cEinheit","fPreisEinzelNetto","fPreis","fMwSt","nAnzahl","nPosTyp","cHinweis","cUnique","cResponsibility","kKonfigitem","kBestellpos","fLagerbestandVorAbschluss","nLongestMinDelivery","nLongestMaxDelivery"],"twarenkorbposeigenschaft":["kWarenkorbPosEigenschaft","kWarenkorbPos","kEigenschaft","kEigenschaftWert","cEigenschaftName","cEigenschaftWertName","cFreifeldWert","fAufpreis"],"twarenlager":["kWarenlager","cName","cKuerzel","cLagerTyp","cBeschreibung","cStrasse","cPLZ","cOrt","cLand","nFulfillment","nAktiv"],"twarenlagersprache":["kWarenlager","kSprache","cName"],"twunschliste":["kWunschliste","kKunde","cName","nStandard","nOeffentlich","cURLID","dErstellt"],"twunschlistepos":["kWunschlistePos","kWunschliste","kArtikel","cArtikelName","fAnzahl","cKommentar","dHinzugefuegt"],"twunschlisteposeigenschaft":["kWunschlistePosEigenschaft","kWunschlistePos","kEigenschaft","kEigenschaftWert","cFreifeldWert","cEigenschaftName","cEigenschaftWertName"],"twunschlisteversand":["kWunschlisteVersand","kWunschliste","nAnzahlEmpfaenger","nAnzahlArtikel","dZeit"],"txsell":["kXSell","kArtikel","kXSellArtikel","kXSellGruppe"],"txsellgruppe":["kXSellGruppe","kSprache","cName","cBeschreibung"],"txsellkauf":["kArtikel","kXSellArtikel","nAnzahl"],"tzahlungbackground":["cSID","cKey","kKey","cCustomData","dErstellt"],"tzahlungsart":["kZahlungsart","cName","cModulId","cKundengruppen","cZusatzschrittTemplate","cPluginTemplate","cBild","nSort","nMailSenden","nActive","cAnbieter","cTSCode","nWaehrendBestellung","nCURL","nSOAP","nSOCKETS","nNutzbar"],"tzahlungsartsprache":["kZahlungsart","cISOSprache","cName","cGebuehrname","cHinweisText","cHinweisTextShop"],"tzahlungseingang":["kZahlungseingang","kBestellung","cZahlungsanbieter","fBetrag","fZahlungsgebuehr","cISO","cEmpfaenger","cZahler","dZeit","cHinweis","cAbgeholt"],"tzahlungsession":["kBestellung","cSID","cZahlungsID","cNotifyID","nBezahlt","dNotify","dZeitBezahlt","dZeit"],"tzahlungsid":["kBestellung","kZahlungsart","cId","txn_id","dDatum"],"tzahlungsinfo":["kZahlungsInfo","kBestellung","kKunde","cBankName","cBLZ","cKontoNr","cIBAN","cBIC","cKartenNr","cGueltigkeit","cCVV","cKartenTyp","cInhaber","cVerwendungszweck","cAbgeholt"],"tzahlungslog":["kZahlunglog","cModulId","cLog","cLogData","nLevel","dDatum"]}
